split,stage,n_segments,n_subjects,male_share,mean_age,mean_sbp,mean_dbp,removed_segments,removed_pct
train,raw,465480,1293,0.576952822892498,58.98098307123829,115.47668069629563,62.91572964418733,,
train,clean,461429,1285,0.5776880083393111,59.290315519830784,115.75653504562402,63.08206209588774,4051.0,0.008702844375698205
train_fit,ready,415062,1156,0.5668526629756518,59.1017847935971,115.71844736360957,63.05707093594649,,
val,ready,46367,129,0.6746824250005392,60.977980028899864,116.09748333799295,63.305774667922734,,
calbased,raw,51720,1293,0.576952822892498,58.98068445475638,115.49944892785788,62.9365723981947,,
calbased,clean,51288,1285,0.577756980190298,59.3004016534082,115.75915822346096,63.09181894207999,432.0,0.008352668213457077
calfree,raw,57600,144,0.5972222222222222,58.166666666666664,115.42987725595734,63.02434536400926,,
calfree,clean,57521,144,0.5968255072060639,58.15921141843848,115.49261166450805,63.05329840672809,79.0,0.0013715277777777777
